-- MySQL Administrator dump 1.4
--
-- ------------------------------------------------------
-- Server version	5.0.67-community-nt


/*!40101 SET @OLD_CHARACTER_SET_CLIENT=@@CHARACTER_SET_CLIENT */;
/*!40101 SET @OLD_CHARACTER_SET_RESULTS=@@CHARACTER_SET_RESULTS */;
/*!40101 SET @OLD_COLLATION_CONNECTION=@@COLLATION_CONNECTION */;
/*!40101 SET NAMES utf8 */;

/*!40014 SET @OLD_UNIQUE_CHECKS=@@UNIQUE_CHECKS, UNIQUE_CHECKS=0 */;
/*!40014 SET @OLD_FOREIGN_KEY_CHECKS=@@FOREIGN_KEY_CHECKS, FOREIGN_KEY_CHECKS=0 */;
/*!40101 SET @OLD_SQL_MODE=@@SQL_MODE, SQL_MODE='NO_AUTO_VALUE_ON_ZERO' */;


--
-- Create schema jjdb
--

CREATE DATABASE IF NOT EXISTS jjdb;
USE jjdb;

--
-- Temporary table structure for view `productcode`
--
DROP TABLE IF EXISTS `productcode`;
DROP VIEW IF EXISTS `productcode`;
CREATE TABLE `productcode` (
  `id` int(10) unsigned,
  `code` varbinary(24),
  `category` char(1),
  `style` smallint(6) unsigned,
  `type` varchar(9),
  `material` varchar(9),
  `created` timestamp
);

--
-- Definition of table `product`
--

DROP TABLE IF EXISTS `product`;
CREATE TABLE `product` (
  `id` int(10) unsigned NOT NULL auto_increment,
  `category` char(1) character set utf8 collate utf8_bin NOT NULL,
  `style` smallint(6) unsigned NOT NULL,
  `type` varchar(9) character set utf8 collate utf8_bin NOT NULL,
  `material` varchar(9) character set utf8 collate utf8_bin NOT NULL,
  `created` timestamp NOT NULL default CURRENT_TIMESTAMP,
  PRIMARY KEY  (`id`),
  UNIQUE KEY `Index_product` (`category`,`style`,`type`,`material`)
) ENGINE=InnoDB AUTO_INCREMENT=112 DEFAULT CHARSET=utf8;

--
-- Dumping data for table `product`
--
INSERT INTO `product` VALUES   (1,0x65,1,0x70726C,0x31346B,'2008-12-02 22:06:33');
INSERT INTO `product` VALUES   (2,0x65,5,0x73686C,0x31346B,'2008-12-02 22:07:04');
INSERT INTO `product` VALUES   (3,0x6E,1,0x70726C,0x31346B,'2008-12-02 22:07:28');
INSERT INTO `product` VALUES   (76,0x62,350,0x6D6F70,0x6766,'2009-01-11 19:22:59');
INSERT INTO `product` VALUES   (77,0x62,604,0x727367,0x31346B70,'2009-01-11 19:22:59');
INSERT INTO `product` VALUES   (78,0x62,769,0x73717A,0x7373,'2009-01-11 19:22:59');
INSERT INTO `product` VALUES   (79,0x62,300,0x73686C,0x7373,'2009-01-11 19:22:59');
INSERT INTO `product` VALUES   (80,0x62,301,0x73686C,0x7373,'2009-01-11 19:22:59');
INSERT INTO `product` VALUES   (81,0x62,302,0x73686C,0x7373,'2009-01-11 19:22:59');
INSERT INTO `product` VALUES   (82,0x62,303,0x736C76,0x7373,'2009-01-11 19:22:59');
INSERT INTO `product` VALUES   (83,0x62,304,0x736C76,0x7373,'2009-01-11 19:22:59');
INSERT INTO `product` VALUES   (84,0x62,322,0x6F6E78,0x7373,'2009-01-11 19:22:59');
INSERT INTO `product` VALUES   (85,0x62,323,0x73686C,0x7373,'2009-01-11 19:22:59');
INSERT INTO `product` VALUES   (86,0x62,231,0x73686C,0x7373,'2009-01-11 19:22:59');
INSERT INTO `product` VALUES   (87,0x62,232,0x776F64,0x7373,'2009-01-11 19:22:59');
INSERT INTO `product` VALUES   (88,0x62,233,0x636172,0x7373,'2009-01-11 19:22:59');
INSERT INTO `product` VALUES   (89,0x62,234,0x636172,0x7373,'2009-01-11 19:22:59');
INSERT INTO `product` VALUES   (90,0x62,225,0x6F6E78,0x7373,'2009-01-11 19:22:59');
INSERT INTO `product` VALUES   (91,0x62,226,0x73686C,0x7373,'2009-01-11 19:22:59');
INSERT INTO `product` VALUES   (92,0x62,229,0x776F64,0x7373,'2009-01-11 19:22:59');
INSERT INTO `product` VALUES   (93,0x62,230,0x73686C,0x7373,'2009-01-11 19:22:59');
INSERT INTO `product` VALUES   (94,0x62,51,0x6B706C,0x31346B37,'2009-01-11 19:22:59');
INSERT INTO `product` VALUES   (95,0x62,56,0x63706C,0x6776,'2009-01-11 19:22:59');
INSERT INTO `product` VALUES   (96,0x62,37,0x6D6F70,0x7373,'2009-01-11 19:22:59');
INSERT INTO `product` VALUES   (97,0x62,5,0x696F6C,0x7373,'2009-01-11 19:22:59');
INSERT INTO `product` VALUES   (98,0x62,54,0x63706C,0x7373,'2009-01-11 19:22:59');
INSERT INTO `product` VALUES   (99,0x62,55,0x63706C,0x31346B,'2009-01-11 19:22:59');
INSERT INTO `product` VALUES   (100,0x62,20,0x70726C,0x7373,'2009-01-11 19:22:59');
INSERT INTO `product` VALUES   (101,0x62,13,0x6D706C,0x7373,'2009-01-11 19:22:59');
INSERT INTO `product` VALUES   (102,0x62,5,0x73717A,0x6776,'2009-01-11 19:22:59');
INSERT INTO `product` VALUES   (103,0x62,2,0x73717A,0x6776,'2009-01-11 19:22:59');
INSERT INTO `product` VALUES   (104,0x62,10,0x6D706C,0x7373,'2009-01-11 19:22:59');
INSERT INTO `product` VALUES   (105,0x62,11,0x6D706C,0x7373,'2009-01-11 19:22:59');
INSERT INTO `product` VALUES   (106,0x62,12,0x6D706C,0x6766,'2009-01-11 19:22:59');
INSERT INTO `product` VALUES   (107,0x62,12,0x6D706C,0x7373,'2009-01-11 19:23:00');
INSERT INTO `product` VALUES   (108,0x62,90,0x63706C,0x6776,'2009-01-11 19:23:00');
INSERT INTO `product` VALUES   (109,0x62,91,0x63706C,0x6776,'2009-01-11 19:23:00');
INSERT INTO `product` VALUES   (110,0x62,0,0x70726C,0x31346B,'2009-01-11 19:23:00');
INSERT INTO `product` VALUES   (111,0x62,0,0x70726C,0x7373,'2009-01-11 19:23:00');

--
-- Definition of table `productdata`
--

DROP TABLE IF EXISTS `productdata`;
CREATE TABLE `productdata` (
  `productid` int(10) unsigned NOT NULL,
  `description` varchar(1024) collate utf8_bin default NULL,
  `specs` varchar(1024) collate utf8_bin default NULL,
  `created` timestamp NOT NULL default '0000-00-00 00:00:00',
  `updated` timestamp NOT NULL default CURRENT_TIMESTAMP on update CURRENT_TIMESTAMP,
  PRIMARY KEY  (`productid`),
  CONSTRAINT `FK_productdata_product` FOREIGN KEY (`productid`) REFERENCES `product` (`id`)
) ENGINE=InnoDB DEFAULT CHARSET=utf8 COLLATE=utf8_bin;

--
-- Dumping data for table `productdata`
--
INSERT INTO `productdata` VALUES   (1,0x506572616C2065617272696E677320696E2031346B20676F6C64,NULL,'2008-12-14 21:26:54','2008-12-14 21:26:54');
INSERT INTO `productdata` VALUES   (3,0x42656175746966756C20706561726C73,NULL,'2008-12-10 22:47:12','2008-12-10 22:47:12');
INSERT INTO `productdata` VALUES   (79,0x416E204F76616C20677265656E207368656C6C207769746820626C61636B206C65617468657220616E642061206C6172676520737465726C696E672073696C766572206C6F627374657220636C6173702E20205665727920636C65616E206C6F6F6B2E,NULL,'2009-01-18 21:58:08','2009-01-18 21:58:08');
INSERT INTO `productdata` VALUES   (80,0x412062726F776E206F76616C206D6F74686572206F6620706561726C207368656C6C20776974682062726F776E206C65617468657220616E64206120737465726C696E672073696C76657220636C6173702E,NULL,'2009-01-18 21:58:08','2009-01-18 21:58:08');
INSERT INTO `productdata` VALUES   (81,0x4120706C6174696E756D2073696C766572792067726579206F76616C206D6F74686572206F6620706561726C207368656C6C207769746820626C61636B206C65617468657220616E64206120737465726C696E672073696C76657220636C6173702E204E69636520636C65616E206C696E65732C,NULL,'2009-01-18 21:58:08','2009-01-18 21:58:08');
INSERT INTO `productdata` VALUES   (83,0x412073696E676C65206272757368656420737465726C696E672073696C7665722062656164206F6E206C656174686572206D616B657320666F72206120766572792073696D706C6520616E6420686970206C6974746C652062726163656C65742E,NULL,'2009-01-18 21:58:08','2009-01-18 21:58:08');
INSERT INTO `productdata` VALUES   (84,0x3420737472616E6473206F6620626C61636B206F6E7978207769746820612031393330277320696E73706972656420636C617370206D616B65732074686973206120706572666563742062726163656C6574207468697320736561736F6E2E,NULL,'2009-01-18 21:58:08','2009-01-18 21:58:08');
INSERT INTO `productdata` VALUES   (86,0x4F6E65206F66206F7572206E6577206869702026207472656E64792062726163656C65747321205065726665637420666F7220537072696E6720273036206E65757472616C73212042656175746966756C207368656C6C2072656374616E676C65206F6E20736D6F6F746820626C61636B206C6561746865722077697468206120535320636C6173702E2020537065636966792077726973742073697A652C203622202D2037222C,NULL,'2009-01-18 21:58:08','2009-01-18 21:58:08');
INSERT INTO `productdata` VALUES   (87,0x4120766572792068697020776F6F642062726163656C657420746F20636F6D706C696D656E74207468697320736561736F6E2773206E61747572616C20687565732E202438392E3030202D2077652068617665206A757374206120666577206C6566742C206F72646572206E6F77212028737065636966792077726973742073697A65202D203622202D2037222920,NULL,'2009-01-18 21:58:08','2009-01-18 21:58:08');
INSERT INTO `productdata` VALUES   (88,0x4F6E65206F66206F7572206E6577206869702026207472656E64792062726163656C65747321204361726E656C69616E206F6E20736D6F6F74682062726F776E206C6561746865722077697468206120535320636C6173702E2020537065636966792077726973742073697A652C203622202D2037222C,NULL,'2009-01-18 21:58:08','2009-01-18 21:58:08');
INSERT INTO `productdata` VALUES   (89,0x4F6E65206F66206F7572206E6577206869702026207472656E64792062726163656C65747321204361726E656C69616E206F6E2062726F776E206C6561746865722077697468206120535320636C6173702E2020537065636966792077726973742073697A652C203622202D2037222C,NULL,'2009-01-18 21:58:08','2009-01-18 21:58:08');
INSERT INTO `productdata` VALUES   (90,0x4C6F76652C204C6F76652C204C6F76652074686973206D756C74692D737472616E6420626C61636B206F6E79782062726163656C65742077697468206120636C61737020736F20696E7472696361746520262064657461696C65642069742063616E20626520776F726E20696E2066726F6E74212020243139352E303020203620312F32202D2037222E20,NULL,'2009-01-18 21:58:08','2009-01-18 21:58:08');
INSERT INTO `productdata` VALUES   (91,0x4F7572206D6F737420706F70756C61722062726163656C657420666F722066616C6C20616E64207065726665637420666F7220537072696E6720273036206E65757472616C732120546869732077696C6C20626520796F7572206E657720226661766F72697465222120205368656C6C2072656374616E676C65206F6E2062726F776E206C6561746865722077697468206120535320636C6173702E2020537065636966792077726973742073697A652C203622202D2037222C,NULL,'2009-01-18 21:58:08','2009-01-18 21:58:08');
INSERT INTO `productdata` VALUES   (92,0x41207665727920686970206C6974746C652062726163656C657420746F206A756D7020696E746F2074686520757365206F6620776F6F6420616E64206E61747572616C20656C656D656E747320696E206A6577656C72792064657369676E2E202438392E303020534F4C44204F55542C204241434B204F52444552204F4E4C592C20776520686F706520746F2068617665206D6F726520696E206279204465632F4A616E21202020,NULL,'2009-01-18 21:58:09','2009-01-18 21:58:09');
INSERT INTO `productdata` VALUES   (93,0x4F6E65206F66206F7572206E6577206869702026207472656E64792062726163656C65747321205065726665637420666F7220537072696E6720273036206E65757472616C732120546869732077696C6C20626520796F7572206E657720226661766F72697465222120205368656C6C2072656374616E676C65206F6E20626C61636B206C6561746865722077697468206120535320636C6173702E2020537065636966792077726973742073697A652C203622202D2037222C,NULL,'2009-01-18 21:58:09','2009-01-18 21:58:09');
INSERT INTO `productdata` VALUES   (96,0x426C61636B2026207768697465204D6F74686572206F6620506561726C2064697363732064616E676C65206F6E20737465726C696E672073696C76657220636861696E2E20204120766572792066756E207069656365206F66206A6577656C7279212046756E202620686970202439332E3030202D20536565206D61746368696E67206E65636B6C61636520262065617272696E67732120,NULL,'2009-01-18 21:58:09','2009-01-18 21:58:09');
INSERT INTO `productdata` VALUES   (98,0x506561726C20436F6C6C656374696F6E3A2031316D6D20626C75736820776869746520436F696E20506561726C732077697468206D697865642068756573206F6620626C75657320616E642070696E6B732E202047656F7267656F7573207175616C69747920706561726C732120537465726C696E672073696C76657220746F67676C6520636C6173702E,NULL,'2009-01-18 21:58:09','2009-01-18 21:58:09');
INSERT INTO `productdata` VALUES   (107,0x4D6F74686572206F6620506561726C2062726163656C657420696E2068756573206F6620676F6C64732C2062726F776E732026207461757065732E20737465726C696E672073696C766572206C6F627374657220636C6173702E,NULL,'2009-01-18 21:58:09','2009-01-18 21:58:09');
INSERT INTO `productdata` VALUES   (110,0x426162792042726163656C65743A202031344B20676F6C64202620667265736820776174657220706561726C73206D616B6520612062656175746966756C2073686F776572206769667420746F2077656C636F6D652061206E6577206C6974746C65206769726C20746F20612062656175746966756C20776F726C6420616E642066616D696C79212020302D36206D6F6E7468732C202439352C20416C736F20617661696C61626C6520696E20537465726C696E672053696C766572,NULL,'2009-01-18 21:58:09','2009-01-18 21:58:09');

--
-- Definition of table `productoption`
--

DROP TABLE IF EXISTS `productoption`;
CREATE TABLE `productoption` (
  `productid` int(10) unsigned NOT NULL,
  `seq` tinyint(3) unsigned NOT NULL default '0',
  `option` varchar(18) default NULL,
  `value` varchar(18) default NULL,
  `price` decimal(9,2) default NULL,
  `created` timestamp NOT NULL default '0000-00-00 00:00:00',
  `updated` timestamp NOT NULL default CURRENT_TIMESTAMP on update CURRENT_TIMESTAMP,
  PRIMARY KEY  USING BTREE (`seq`,`productid`),
  UNIQUE KEY `Index_productoption` (`productid`,`option`,`value`),
  CONSTRAINT `FK_productoption_product` FOREIGN KEY (`productid`) REFERENCES `product` (`id`) ON DELETE CASCADE
) ENGINE=InnoDB DEFAULT CHARSET=latin1;

--
-- Dumping data for table `productoption`
--
INSERT INTO `productoption` VALUES   (1,0,NULL,NULL,'65.00','2008-12-14 21:21:07','2008-12-14 21:21:07');
INSERT INTO `productoption` VALUES   (2,0,NULL,NULL,'80.00','2008-12-14 21:23:53','2008-12-14 21:23:53');
INSERT INTO `productoption` VALUES   (3,0,'length','18\"','120.00','2008-12-14 21:24:38','2008-12-14 21:24:38');
INSERT INTO `productoption` VALUES   (79,0,NULL,NULL,'89.00','2009-01-18 21:58:08','2009-01-18 21:58:08');
INSERT INTO `productoption` VALUES   (80,0,NULL,NULL,'89.00','2009-01-18 21:58:08','2009-01-18 21:58:08');
INSERT INTO `productoption` VALUES   (81,0,NULL,NULL,'89.00','2009-01-18 21:58:08','2009-01-18 21:58:08');
INSERT INTO `productoption` VALUES   (83,0,NULL,NULL,'50.00','2009-01-18 21:58:08','2009-01-18 21:58:08');
INSERT INTO `productoption` VALUES   (84,0,NULL,NULL,'195.00','2009-01-18 21:58:08','2009-01-18 21:58:08');
INSERT INTO `productoption` VALUES   (86,0,NULL,NULL,'89.00','2009-01-18 21:58:08','2009-01-18 21:58:08');
INSERT INTO `productoption` VALUES   (88,0,NULL,NULL,'89.00','2009-01-18 21:58:08','2009-01-18 21:58:08');
INSERT INTO `productoption` VALUES   (89,0,NULL,NULL,'89.00','2009-01-18 21:58:08','2009-01-18 21:58:08');
INSERT INTO `productoption` VALUES   (91,0,NULL,NULL,'89.00','2009-01-18 21:58:09','2009-01-18 21:58:09');
INSERT INTO `productoption` VALUES   (93,0,NULL,NULL,'89.00','2009-01-18 21:58:09','2009-01-18 21:58:09');
INSERT INTO `productoption` VALUES   (98,0,NULL,NULL,'315.00','2009-01-18 21:58:09','2009-01-18 21:58:09');
INSERT INTO `productoption` VALUES   (107,0,NULL,NULL,'75.00','2009-01-18 21:58:09','2009-01-18 21:58:09');
INSERT INTO `productoption` VALUES   (110,0,NULL,NULL,'65.00','2009-01-18 21:58:09','2009-01-18 21:58:09');
INSERT INTO `productoption` VALUES   (3,1,'length','24\"','150.00','2008-12-14 21:24:55','2008-12-14 21:24:55');

--
-- Definition of table `show`
--

DROP TABLE IF EXISTS `show`;
CREATE TABLE `show` (
  `category` char(1) NOT NULL,
  `productid` int(10) unsigned NOT NULL,
  `seq` tinyint(3) unsigned NOT NULL,
  PRIMARY KEY  USING BTREE (`seq`,`category`),
  KEY `FK_show_product` (`productid`),
  CONSTRAINT `FK_show_product` FOREIGN KEY (`productid`) REFERENCES `product` (`id`) ON DELETE CASCADE ON UPDATE CASCADE
) ENGINE=InnoDB DEFAULT CHARSET=latin1;

--
-- Dumping data for table `show`
--

--
-- Definition of table `stats`
--

DROP TABLE IF EXISTS `stats`;
CREATE TABLE `stats` (
  `id` varchar(12) NOT NULL,
  `count` int(11) NOT NULL,
  PRIMARY KEY  (`id`)
) ENGINE=InnoDB DEFAULT CHARSET=latin1;

--
-- Dumping data for table `stats`
--
INSERT INTO `stats` VALUES   ('fb',72);

--
-- Definition of view `productcode`
--

DROP TABLE IF EXISTS `productcode`;
DROP VIEW IF EXISTS `productcode`;
CREATE ALGORITHM=UNDEFINED DEFINER=`root`@`localhost` SQL SECURITY DEFINER VIEW `productcode` AS select `p`.`id` AS `id`,concat(`p`.`category`,lpad(`p`.`style`,3,_utf8'0'),_utf8'-',`p`.`type`,_utf8'-',`p`.`material`) AS `code`,`p`.`category` AS `category`,`p`.`style` AS `style`,`p`.`type` AS `type`,`p`.`material` AS `material`,`p`.`created` AS `created` from `product` `p`;



/*!40101 SET SQL_MODE=@OLD_SQL_MODE */;
/*!40014 SET FOREIGN_KEY_CHECKS=@OLD_FOREIGN_KEY_CHECKS */;
/*!40014 SET UNIQUE_CHECKS=@OLD_UNIQUE_CHECKS */;
/*!40101 SET CHARACTER_SET_CLIENT=@OLD_CHARACTER_SET_CLIENT */;
/*!40101 SET CHARACTER_SET_RESULTS=@OLD_CHARACTER_SET_RESULTS */;
/*!40101 SET COLLATION_CONNECTION=@OLD_COLLATION_CONNECTION */;
/*!40101 SET CHARACTER_SET_CLIENT=@OLD_CHARACTER_SET_CLIENT */;
